{
  "parent": "minecraft:item/handheld",
  "display": {
    "firstperson_righthand": {
      "rotation": [
        -15.0,
        -35.2821,
        25.6938
      ],
      "translation": [
        -2.1376,
        17.0043,
        1.1431
      ],
      "scale": [
        0.68,
        0.68,
        0.68
      ]
    },
    "thirdperson_righthand": {
      "rotation": [
        0.0,
        -90.0,
        55.0
      ],
      "translation": [
        0.0,
        4.0,
        0.5
      ],
      "scale": [
        0.85,
        0.85,
        0.85
      ]
    }
  }
}