{
  "parent": "minecraft:item/handheld",
  "display": {
    "firstperson_righthand": {
      "rotation": [
        -15.1434,
        -151.3639,
        24.1214
      ],
      "translation": [
        -2.1403,
        17.0231,
        1.1338
      ],
      "scale": [
        0.68,
        0.68,
        0.68
      ]
    },
    "thirdperson_righthand": {
      "rotation": [
        0.0,
        -90.0,
        55.0
      ],
      "translation": [
        0.0,
        4.0,
        0.5
      ],
      "scale": [
        0.85,
        0.85,
        0.85
      ]
    }
  }
}