{
  "parent": "minecraft:item/handheld",
  "display": {
    "firstperson_righthand": {
      "rotation": [
        -15.0,
        -39.2647,
        25.1053
      ],
      "translation": [
        -2.1321,
        17.001,
        1.1323
      ],
      "scale": [
        0.68,
        0.68,
        0.68
      ]
    },
    "thirdperson_righthand": {
      "rotation": [
        0.0,
        -90.0,
        55.0
      ],
      "translation": [
        0.0,
        4.0,
        0.5
      ],
      "scale": [
        0.85,
        0.85,
        0.85
      ]
    }
  }
}