{
  "parent": "minecraft:item/handheld",
  "display": {
    "firstperson_righthand": {
      "rotation": [
        -13.44,
        -45.2,
        25.0
      ],
      "translation": [
        -1.791,
        16.5632,
        1.13
      ],
      "scale": [
        0.68,
        0.68,
        0.68
      ]
    },
    "thirdperson_righthand": {
      "rotation": [
        0.0,
        -90.0,
        55.0
      ],
      "translation": [
        0.0,
        4.0,
        0.5
      ],
      "scale": [
        0.85,
        0.85,
        0.85
      ]
    }
  }
}