{
  "parent": "minecraft:item/handheld",
  "display": {
    "firstperson_righthand": {
      "rotation": [
        -15.0,
        -32.8888,
        26.7032
      ],
      "translation": [
        -2.1286,
        17.0022,
        1.1454
      ],
      "scale": [
        0.68,
        0.68,
        0.68
      ]
    },
    "thirdperson_righthand": {
      "rotation": [
        0.0,
        -90.0,
        55.0
      ],
      "translation": [
        0.0,
        4.0,
        0.5
      ],
      "scale": [
        0.85,
        0.85,
        0.85
      ]
    }
  }
}