{
  "sections": [
    {
      "frames": 25,
      "type": "cubic",
      "start_frame": 1,
      "end_frame": 2
    },
    {
      "frames": 15,
      "type": "perlin",
      "start_frame": 2,
      "firstperson_righthand": {
        "scales": [
          0,
          20,
          -10,
          0.1,
          0.1,
          0.1,
          0,
          0,
          0
        ],
        "wobble": [
          1,
          1,
          0.5,
          1,
          1,
          1,
          3,
          3,
          3
        ]
      },
      "thirdperson_righthand": {
        "scales": [
          0,
          0,
          0,
          0,
          0,
          0,
          0,
          0,
          0
        ],
        "wobble": [
          3,
          3,
          3,
          3,
          3,
          3,
          3,
          3,
          3
        ]
      }
    },
    {
      "frames": 35,
      "type": "cubic",
      "start_frame": "generated",
      "end_frame": 3
    },
    {
      "frames": 25,
      "type": "perlin",
      "start_frame": 3,
      "firstperson_righthand": {
        "scales": [
          1,
          20,
          10,
          0.1,
          0.1,
          0.1,
          0,
          0,
          0
        ],
        "wobble": [
          1,
          1,
          0.5,
          1,
          1,
          1,
          3,
          3,
          3
        ]
      },
      "thirdperson_righthand": {
        "scales": [
          0,
          0,
          0,
          0,
          0,
          0,
          0,
          0,
          0
        ],
        "wobble": [
          3,
          3,
          3,
          3,
          3,
          3,
          3,
          3,
          3
        ]
      }
    },
    {
      "frames": 15,
      "type": "cubic",
      "start_frame": "generated",
      "end_frame": 1
    }
  ]
}
