{
  "parent": "minecraft:item/handheld",
  "overrides": [
    {
      "predicate": {
        "custom_model_data": 1
      },
      "model": "item/inspect/golden_pickaxe/frame_1"
    },
    {
      "predicate": {
        "custom_model_data": 2
      },
      "model": "item/inspect/golden_pickaxe/frame_2"
    },
    {
      "predicate": {
        "custom_model_data": 3
      },
      "model": "item/inspect/golden_pickaxe/frame_3"
    },
    {
      "predicate": {
        "custom_model_data": 4
      },
      "model": "item/inspect/golden_pickaxe/frame_4"
    },
    {
      "predicate": {
        "custom_model_data": 5
      },
      "model": "item/inspect/golden_pickaxe/frame_5"
    },
    {
      "predicate": {
        "custom_model_data": 6
      },
      "model": "item/inspect/golden_pickaxe/frame_6"
    },
    {
      "predicate": {
        "custom_model_data": 7
      },
      "model": "item/inspect/golden_pickaxe/frame_7"
    },
    {
      "predicate": {
        "custom_model_data": 8
      },
      "model": "item/inspect/golden_pickaxe/frame_8"
    },
    {
      "predicate": {
        "custom_model_data": 9
      },
      "model": "item/inspect/golden_pickaxe/frame_9"
    },
    {
      "predicate": {
        "custom_model_data": 10
      },
      "model": "item/inspect/golden_pickaxe/frame_10"
    },
    {
      "predicate": {
        "custom_model_data": 11
      },
      "model": "item/inspect/golden_pickaxe/frame_11"
    },
    {
      "predicate": {
        "custom_model_data": 12
      },
      "model": "item/inspect/golden_pickaxe/frame_12"
    },
    {
      "predicate": {
        "custom_model_data": 13
      },
      "model": "item/inspect/golden_pickaxe/frame_13"
    },
    {
      "predicate": {
        "custom_model_data": 14
      },
      "model": "item/inspect/golden_pickaxe/frame_14"
    },
    {
      "predicate": {
        "custom_model_data": 15
      },
      "model": "item/inspect/golden_pickaxe/frame_15"
    },
    {
      "predicate": {
        "custom_model_data": 16
      },
      "model": "item/inspect/golden_pickaxe/frame_16"
    },
    {
      "predicate": {
        "custom_model_data": 17
      },
      "model": "item/inspect/golden_pickaxe/frame_17"
    },
    {
      "predicate": {
        "custom_model_data": 18
      },
      "model": "item/inspect/golden_pickaxe/frame_18"
    },
    {
      "predicate": {
        "custom_model_data": 19
      },
      "model": "item/inspect/golden_pickaxe/frame_19"
    },
    {
      "predicate": {
        "custom_model_data": 20
      },
      "model": "item/inspect/golden_pickaxe/frame_20"
    },
    {
      "predicate": {
        "custom_model_data": 21
      },
      "model": "item/inspect/golden_pickaxe/frame_21"
    },
    {
      "predicate": {
        "custom_model_data": 22
      },
      "model": "item/inspect/golden_pickaxe/frame_22"
    },
    {
      "predicate": {
        "custom_model_data": 23
      },
      "model": "item/inspect/golden_pickaxe/frame_23"
    },
    {
      "predicate": {
        "custom_model_data": 24
      },
      "model": "item/inspect/golden_pickaxe/frame_24"
    },
    {
      "predicate": {
        "custom_model_data": 25
      },
      "model": "item/inspect/golden_pickaxe/frame_25"
    },
    {
      "predicate": {
        "custom_model_data": 26
      },
      "model": "item/inspect/golden_pickaxe/frame_26"
    },
    {
      "predicate": {
        "custom_model_data": 27
      },
      "model": "item/inspect/golden_pickaxe/frame_27"
    },
    {
      "predicate": {
        "custom_model_data": 28
      },
      "model": "item/inspect/golden_pickaxe/frame_28"
    },
    {
      "predicate": {
        "custom_model_data": 29
      },
      "model": "item/inspect/golden_pickaxe/frame_29"
    },
    {
      "predicate": {
        "custom_model_data": 30
      },
      "model": "item/inspect/golden_pickaxe/frame_30"
    },
    {
      "predicate": {
        "custom_model_data": 31
      },
      "model": "item/inspect/golden_pickaxe/frame_31"
    },
    {
      "predicate": {
        "custom_model_data": 32
      },
      "model": "item/inspect/golden_pickaxe/frame_32"
    },
    {
      "predicate": {
        "custom_model_data": 33
      },
      "model": "item/inspect/golden_pickaxe/frame_33"
    },
    {
      "predicate": {
        "custom_model_data": 34
      },
      "model": "item/inspect/golden_pickaxe/frame_34"
    },
    {
      "predicate": {
        "custom_model_data": 35
      },
      "model": "item/inspect/golden_pickaxe/frame_35"
    },
    {
      "predicate": {
        "custom_model_data": 36
      },
      "model": "item/inspect/golden_pickaxe/frame_36"
    },
    {
      "predicate": {
        "custom_model_data": 37
      },
      "model": "item/inspect/golden_pickaxe/frame_37"
    },
    {
      "predicate": {
        "custom_model_data": 38
      },
      "model": "item/inspect/golden_pickaxe/frame_38"
    },
    {
      "predicate": {
        "custom_model_data": 39
      },
      "model": "item/inspect/golden_pickaxe/frame_39"
    },
    {
      "predicate": {
        "custom_model_data": 40
      },
      "model": "item/inspect/golden_pickaxe/frame_40"
    },
    {
      "predicate": {
        "custom_model_data": 41
      },
      "model": "item/inspect/golden_pickaxe/frame_41"
    },
    {
      "predicate": {
        "custom_model_data": 42
      },
      "model": "item/inspect/golden_pickaxe/frame_42"
    },
    {
      "predicate": {
        "custom_model_data": 43
      },
      "model": "item/inspect/golden_pickaxe/frame_43"
    },
    {
      "predicate": {
        "custom_model_data": 44
      },
      "model": "item/inspect/golden_pickaxe/frame_44"
    },
    {
      "predicate": {
        "custom_model_data": 45
      },
      "model": "item/inspect/golden_pickaxe/frame_45"
    },
    {
      "predicate": {
        "custom_model_data": 46
      },
      "model": "item/inspect/golden_pickaxe/frame_46"
    },
    {
      "predicate": {
        "custom_model_data": 47
      },
      "model": "item/inspect/golden_pickaxe/frame_47"
    },
    {
      "predicate": {
        "custom_model_data": 48
      },
      "model": "item/inspect/golden_pickaxe/frame_48"
    },
    {
      "predicate": {
        "custom_model_data": 49
      },
      "model": "item/inspect/golden_pickaxe/frame_49"
    },
    {
      "predicate": {
        "custom_model_data": 50
      },
      "model": "item/inspect/golden_pickaxe/frame_50"
    },
    {
      "predicate": {
        "custom_model_data": 51
      },
      "model": "item/inspect/golden_pickaxe/frame_51"
    },
    {
      "predicate": {
        "custom_model_data": 52
      },
      "model": "item/inspect/golden_pickaxe/frame_52"
    },
    {
      "predicate": {
        "custom_model_data": 53
      },
      "model": "item/inspect/golden_pickaxe/frame_53"
    },
    {
      "predicate": {
        "custom_model_data": 54
      },
      "model": "item/inspect/golden_pickaxe/frame_54"
    },
    {
      "predicate": {
        "custom_model_data": 55
      },
      "model": "item/inspect/golden_pickaxe/frame_55"
    },
    {
      "predicate": {
        "custom_model_data": 56
      },
      "model": "item/inspect/golden_pickaxe/frame_56"
    },
    {
      "predicate": {
        "custom_model_data": 57
      },
      "model": "item/inspect/golden_pickaxe/frame_57"
    },
    {
      "predicate": {
        "custom_model_data": 58
      },
      "model": "item/inspect/golden_pickaxe/frame_58"
    },
    {
      "predicate": {
        "custom_model_data": 59
      },
      "model": "item/inspect/golden_pickaxe/frame_59"
    },
    {
      "predicate": {
        "custom_model_data": 60
      },
      "model": "item/inspect/golden_pickaxe/frame_60"
    },
    {
      "predicate": {
        "custom_model_data": 61
      },
      "model": "item/inspect/golden_pickaxe/frame_61"
    },
    {
      "predicate": {
        "custom_model_data": 62
      },
      "model": "item/inspect/golden_pickaxe/frame_62"
    },
    {
      "predicate": {
        "custom_model_data": 63
      },
      "model": "item/inspect/golden_pickaxe/frame_63"
    },
    {
      "predicate": {
        "custom_model_data": 64
      },
      "model": "item/inspect/golden_pickaxe/frame_64"
    },
    {
      "predicate": {
        "custom_model_data": 65
      },
      "model": "item/inspect/golden_pickaxe/frame_65"
    },
    {
      "predicate": {
        "custom_model_data": 66
      },
      "model": "item/inspect/golden_pickaxe/frame_66"
    },
    {
      "predicate": {
        "custom_model_data": 67
      },
      "model": "item/inspect/golden_pickaxe/frame_67"
    },
    {
      "predicate": {
        "custom_model_data": 68
      },
      "model": "item/inspect/golden_pickaxe/frame_68"
    },
    {
      "predicate": {
        "custom_model_data": 69
      },
      "model": "item/inspect/golden_pickaxe/frame_69"
    },
    {
      "predicate": {
        "custom_model_data": 70
      },
      "model": "item/inspect/golden_pickaxe/frame_70"
    },
    {
      "predicate": {
        "custom_model_data": 71
      },
      "model": "item/inspect/golden_pickaxe/frame_71"
    },
    {
      "predicate": {
        "custom_model_data": 72
      },
      "model": "item/inspect/golden_pickaxe/frame_72"
    },
    {
      "predicate": {
        "custom_model_data": 73
      },
      "model": "item/inspect/golden_pickaxe/frame_73"
    },
    {
      "predicate": {
        "custom_model_data": 74
      },
      "model": "item/inspect/golden_pickaxe/frame_74"
    },
    {
      "predicate": {
        "custom_model_data": 75
      },
      "model": "item/inspect/golden_pickaxe/frame_75"
    },
    {
      "predicate": {
        "custom_model_data": 76
      },
      "model": "item/inspect/golden_pickaxe/frame_76"
    },
    {
      "predicate": {
        "custom_model_data": 77
      },
      "model": "item/inspect/golden_pickaxe/frame_77"
    },
    {
      "predicate": {
        "custom_model_data": 78
      },
      "model": "item/inspect/golden_pickaxe/frame_78"
    },
    {
      "predicate": {
        "custom_model_data": 79
      },
      "model": "item/inspect/golden_pickaxe/frame_79"
    },
    {
      "predicate": {
        "custom_model_data": 80
      },
      "model": "item/inspect/golden_pickaxe/frame_80"
    },
    {
      "predicate": {
        "custom_model_data": 81
      },
      "model": "item/inspect/golden_pickaxe/frame_81"
    },
    {
      "predicate": {
        "custom_model_data": 82
      },
      "model": "item/inspect/golden_pickaxe/frame_82"
    },
    {
      "predicate": {
        "custom_model_data": 83
      },
      "model": "item/inspect/golden_pickaxe/frame_83"
    },
    {
      "predicate": {
        "custom_model_data": 84
      },
      "model": "item/inspect/golden_pickaxe/frame_84"
    },
    {
      "predicate": {
        "custom_model_data": 85
      },
      "model": "item/inspect/golden_pickaxe/frame_85"
    },
    {
      "predicate": {
        "custom_model_data": 86
      },
      "model": "item/inspect/golden_pickaxe/frame_86"
    },
    {
      "predicate": {
        "custom_model_data": 87
      },
      "model": "item/inspect/golden_pickaxe/frame_87"
    },
    {
      "predicate": {
        "custom_model_data": 88
      },
      "model": "item/inspect/golden_pickaxe/frame_88"
    },
    {
      "predicate": {
        "custom_model_data": 89
      },
      "model": "item/inspect/golden_pickaxe/frame_89"
    },
    {
      "predicate": {
        "custom_model_data": 90
      },
      "model": "item/inspect/golden_pickaxe/frame_90"
    },
    {
      "predicate": {
        "custom_model_data": 91
      },
      "model": "item/inspect/golden_pickaxe/frame_91"
    },
    {
      "predicate": {
        "custom_model_data": 92
      },
      "model": "item/inspect/golden_pickaxe/frame_92"
    },
    {
      "predicate": {
        "custom_model_data": 93
      },
      "model": "item/inspect/golden_pickaxe/frame_93"
    },
    {
      "predicate": {
        "custom_model_data": 94
      },
      "model": "item/inspect/golden_pickaxe/frame_94"
    },
    {
      "predicate": {
        "custom_model_data": 95
      },
      "model": "item/inspect/golden_pickaxe/frame_95"
    },
    {
      "predicate": {
        "custom_model_data": 96
      },
      "model": "item/inspect/golden_pickaxe/frame_96"
    },
    {
      "predicate": {
        "custom_model_data": 97
      },
      "model": "item/inspect/golden_pickaxe/frame_97"
    },
    {
      "predicate": {
        "custom_model_data": 98
      },
      "model": "item/inspect/golden_pickaxe/frame_98"
    },
    {
      "predicate": {
        "custom_model_data": 99
      },
      "model": "item/inspect/golden_pickaxe/frame_99"
    },
    {
      "predicate": {
        "custom_model_data": 100
      },
      "model": "item/inspect/golden_pickaxe/frame_100"
    },
    {
      "predicate": {
        "custom_model_data": 101
      },
      "model": "item/inspect/golden_pickaxe/frame_101"
    },
    {
      "predicate": {
        "custom_model_data": 102
      },
      "model": "item/inspect/golden_pickaxe/frame_102"
    },
    {
      "predicate": {
        "custom_model_data": 103
      },
      "model": "item/inspect/golden_pickaxe/frame_103"
    },
    {
      "predicate": {
        "custom_model_data": 104
      },
      "model": "item/inspect/golden_pickaxe/frame_104"
    },
    {
      "predicate": {
        "custom_model_data": 105
      },
      "model": "item/inspect/golden_pickaxe/frame_105"
    },
    {
      "predicate": {
        "custom_model_data": 106
      },
      "model": "item/inspect/golden_pickaxe/frame_106"
    },
    {
      "predicate": {
        "custom_model_data": 107
      },
      "model": "item/inspect/golden_pickaxe/frame_107"
    },
    {
      "predicate": {
        "custom_model_data": 108
      },
      "model": "item/inspect/golden_pickaxe/frame_108"
    },
    {
      "predicate": {
        "custom_model_data": 109
      },
      "model": "item/inspect/golden_pickaxe/frame_109"
    },
    {
      "predicate": {
        "custom_model_data": 110
      },
      "model": "item/inspect/golden_pickaxe/frame_110"
    },
    {
      "predicate": {
        "custom_model_data": 111
      },
      "model": "item/inspect/golden_pickaxe/frame_111"
    },
    {
      "predicate": {
        "custom_model_data": 112
      },
      "model": "item/inspect/golden_pickaxe/frame_112"
    },
    {
      "predicate": {
        "custom_model_data": 113
      },
      "model": "item/inspect/golden_pickaxe/frame_113"
    },
    {
      "predicate": {
        "custom_model_data": 114
      },
      "model": "item/inspect/golden_pickaxe/frame_114"
    },
    {
      "predicate": {
        "custom_model_data": 115
      },
      "model": "item/inspect/golden_pickaxe/frame_115"
    }
  ],
  "textures": {
    "layer0": "minecraft:item/golden_pickaxe"
  }
}